wage,hours,exper,age,merital,gender,education
192,40,11,31,Married,Male,College
202,50,11,37,Married,Male,Post-Graduate
206,40,11,33,Married,Male,College
163,40,13,32,Married,Male,College
141,40,14,34,Married,Male,High School
350,40,14,135,Married,Female,Graduate
150,40,13,30,Single,Male,High School
270,40,8,38,Married,Male,Post-Graduate
289,45,13,36,Married,Male,Graduate
250,40,16,36,Married,Male,Collage
233,43,8,38,Married,Male,Post-Graduate
230,38,9,33,Married,Male,College
225,45,4,30,Single,Male,Graduate
330,38,7,28,Married,Male,Graduate
448,40,9,34,Married,Meale,Graduate
240,50,17,35,Married,Male,High School
340,45,6,36,Married,Male,Graduate
213,40,19,38,Married,Male,High-School
208,44,4,29,Married,Male,College
118,44,13,31,Married,Female,College
319,40,9,31,Married,Male,College
404,50,10,36,Married,Male,Graduate
218,65,14,38,Married,Male,College
534,45,17,38,Married,Male,Graduate
263,38,,32,Married,Female,Graduate
401,60,8,29,Married,Male,Graduate
297,40,16,35,Married,Male,College
200,40,11,35,Married,Male,Post-Graduate
354,48,9,34,Married,Male,Graduate
159,40,8,36,Single,Male,Post-Graduate
250,40,17,34,Married,Male,College
356,50,15,35,Married,Female,College
667,75,12,32,Married,Male,College
167,75,8,38,Married,Male,Post-Graduate
445,40,8,32,Married,Male,Graduate
196,40,9,31,Married,Male,Collage
393,35,7,28,Married,Female,College
319,40,11,31,Married,Male,College
179,35,9,29,Married,Female,Graduate
270,40,11,36,Married,Famele,Post-Graduate
173,40,21,38,Married,Male,College
330,38,10,33,Married,Male,Graduate
310,45,16,38,Married,Male,College
257,27,12,38,Married,Male,College
437,55,12,34,Married,Male,Post-Graduate
245,40,9,35,Single,Female,College
193,40,7,30,Married,Male,Graduate
289,50,11,33,Married,Male,Graduate
289,40,16,34,Married,Male,College
202,60,14,38,Married,Male,College
275,40,22,38,Married,Female,College
289,40,10,37,Married,Male,Post-Graduate
437,40,13,29,Single,Male,College
250,50,11,30,Married,Male,Graduate
116,40,11,29,Married,Male,College
192,55,8,32,Single,Male,Post-Graduate
219,50,9,31,Single,Male,Graduate
344,40,12,29,Married,Male,College
363,45,1,30,Married,Male,Graduate
200,40,17,35,Married,Female,College
437,55,10,36,Married,Male,Graduate
288,40,12,,Married,Male,College
210,50,18,35,Married,Male,College
245,45,17,38,Married,Female,College
241,40,15,37,Single,Male,College
155,42,10,28,Single,Male,College
111,60,12,33,Married,Female,College
150,40,12,38,Married,Male,Graduate
342,38,15,32,Married,Male,College
411,48,8,33,Married,Male,PG
364,40,8,36,Married,Female,Graduate
578,40,12,38,Married,Female,Post-Graduate
421,45,10,31,Married,Male,Graduate
309,40,10,33,Married,Male,College
214,45,11,32,Married,M,Graduate
268,42,6,35,Married,Female,Graduate
260,40,8,35,Married,Male,Graduate
250,50,17,36,Married,Male,College
169,40,8,31,Married,Male,Graduate
275,37,14,30,Married,Female,College
249,50,5,31,Married,Male,College
183,40,17,36,Married,Male,High School
300,40,15,37,Married,Male,High School
424,30,9,29,Single,Male,Graduate
172,55,15,36,Married,Male,High School
189,40,9,32,Married,Male,College
214,35,14,33,Married,Male,High School
208,50,4,30,Married,Male,College
145,44,8,30,Married,Female,College
168,61,13,34,Married,Male,College
625,40,12,36,Married,Female,Graduate
269,45,5,31,Single,Male,College
188,40,16,37,Married,Female,College
297,30,8,33,Married,Male,Graduate
208,48,9,31,Married,Male,Graduate
163,40,14,30,Married,Female,College
313,46,5,38,Married,Male,College
281,48,12,31,Married,Male,Graduate
216,40,1,31,Married,Female,Graduate
202,40,10,29,Married,Male,Graduate
325,60,6,35,Single,Male,Post-Graduate
226,40,6,36,Married,Female,College
225,40,17,37,Married,Male,College
156,40,18,35,Married,Male,College
397,40,16,36,Married,Male,College
241,40,15,38,Married,Male,High School
385,45,7,34,Married,Male,Graduate
278,52,11,33,Married,Female,College
321,45,6,31,Single,Female,Graduate
193,48,13,38,Married,Male,College
250,45,16,38,Married,Male,College
224,40,17,38,Married,Female,High School
301,40,13,32,Married,Female,High School
188,40,11,29,Married,Female,College
164,50,5,38,Married,Male,College
150,48,15,33,Married,Male,College
150,40,10,28,Married,Female,College
108,40,11,30,Single,Male,College
297,40,11,30,Married,Male,College
159,40,15,33,Married,Female,College
306,40,9,32,Married,Male,College
288,45,19,36,Married,Male,College
216,40,15,32,Single,Female,College
258,40,9,29,Married,Male,College
262,55,9,32,Married,Male,College
250,45,12,29,Married,Female,College
276,40,10,30,Married,Male,College
481,50,11,35,Married,Male,Post-Graduate
337,40,9,38,Married,Male,Graduate
202,65,11,29,Married,Male,College
374,45,10,32,Married,Male,Post-Graduate
337,50,10,33,Single,Male,Graduate
300,40,10,31,Married,Female,College
125,40,6,33,Married,Male,College
331,45,12,28,Married,Male,College
225,40,16,33,Married,Female,College
200,40,15,34,Married,Male,College
200,40,16,38,Married,Male,College
259,40,15,36,Married,Male,College
245,40,4,36,Married,Female,College
221,40,19,34,Married,Male,High School
120,40,11,34,Single,Male,High School
231,40,7,34,Married,Male,Post-Graduate
128,45,8,31,Single,Male,Graduate
276,40,17,37,Single,Male,High School
298,50,19,36,Married,Male,College
693,50,6,34,Married,Male,Post-Graduate
195,40,9,30,Married,Male,College
238,60,13,31,Married,Male,High School
349,40,11,30,Married,Female,Graduate
374,45,13,33,Married,Male,Graduate
163,40,4,28,Married,Male,College
168,40,9,29,Married,Male,College
282,40,5,32,Married,Female,Graduate
113,64,11,33,Single,Female,College
257,40,19,37,Married,Female,College
601,50,8,32,Married,Male,Graduate
475,40,9,36,Single,Male,Post-Graduate
189,40,10,33,Married,Male,Graduate
313,40,9,29,Married,Male,College
291,48,8,31,Married,Male,Graduate
256,40,9,29,Married,Female,Graduate
275,50,11,32,Married,Male,Graduate
179,35,7,28,Married,Male,Graduate
330,35,16,37,Married,Female,Graduate
353,45,14,38,Married,Male,Post-Graduate
541,40,4,38,Married,Male,Graduate
318,55,11,36,Married,Male,College
285,48,16,35,Married,Male,College
145,40,7,30,Single,Male,College
236,40,7,38,Married,Female,College
265,40,17,38,Married,Male,College
188,40,9,29,Married,Male,College
250,60,11,30,Married,Male,College
238,60,9,30,Married,Female,College
159,47,13,31,Married,Male,College
313,40,13,34,Married,Male,College
169,40,6,34,Married,Male,College
100,40,11,32,Married,Female,College
144,50,9,29,Married,Male,College
148,40,10,29,Married,Male,College
231,50,10,31,Married,Male,Graduate
313,50,6,32,Single,Male,College
275,40,11,33,Married,Male,College
283,50,18,37,Married,Female,College
163,50,14,36,Single,Male,College
155,42,6,30,Married,Male,College
241,50,7,34,Married,Female,Graduate
132,40,14,32,Married,Male,College
204,40,16,33,Married,Male,College
241,40,8,32,Married,Male,Graduate
210,40,19,38,Married,Female,College
217,40,7,28,Married,Male,Graduate
601,50,1,36,Married,Male,College
282,40,16,32,Married,Male,College
290,40,8,31,Married,Male,College
181,40,15,38,Married,Male,College
445,40,14,36,Married,Male,Graduate
476,48,13,36,Married,Male,Post-Graduate
253,40,7,34,Married,Female,Post-Graduate
243,40,5,37,Married,Female,Graduate
131,40,9,34,Married,Female,College
131,40,12,30,Married,Male,College
168,45,10,30,Married,Male,College
125,45,19,37,Married,Male,College
265,45,14,34,Married,Female,College
138,46,18,35,Married,Female,College
125,45,14,32,Married,Female,College
182,55,10,31,Single,Male,Graduate
216,40,6,30,Married,Male,College
270,40,8,30,Married,Male,College
326,45,9,31,Married,Male,Graduate
144,40,6,30,Married,Male,College
156,45,7,30,Married,Male,Graduate
129,45,8,28,Married,Male,College
318,55,14,37,Married,Male,Post-Graduate
248,40,13,33,Married,Female,College
150,40,16,33,Married,Male,College
290,40,17,38,Married,Female,College
125,55,11,29,Married,Male,College
199,45,17,35,Married,Male,College
125,50,20,37,Married,Male,High School
185,50,23,38,Married,Male,High School
313,40,10,33,Married,Male,Graduate
254,55,13,30,Single,Male,Graduate
313,32,13,33,Married,Female,College
228,40,4,29,Married,Male,College
337,40,9,30,Married,Male,Graduate
111,40,19,38,Married,Male,High School
66,40,18,37,Married,Female,College
313,40,7,28,Married,Male,College
402,56,7,36,Married,Male,College
363,35,12,38,Married,Female,Graduate
348,50,14,32,Married,Female,College
205,45,8,32,Married,Male,Graduate
199,40,9,29,Married,Female,Graduate
125,30,10,38,Married,Male,College
130,50,6,29,Married,Male,Post-Graduate
433,50,12,37,Married,Male,Post-Graduate
481,50,9,38,Married,Male,Post-Graduate
289,60,10,37,Married,Female,Post-Graduate
541,40,9,31,Married,Male,Graduate
231,50,8,31,Married,Female,College
279,40,12,33,Married,Male,Graduate
112,36,7,30,Single,Male,College
375,40,10,34,Married,Male,College
207,40,20,37,Married,Female,College
234,40,16,35,Married,Male,College
245,48,19,36,Married,Male,College
258,40,14,33,Single,Male,College
318,40,10,30,Married,Male,College
284,50,16,34,Married,Female,College
200,45,19,36,Married,Male,College
335,38,8,33,Married,Male,College
266,40,14,32,Married,Female,College
234,44,10,29,Married,Male,College
202,40,18,38,Married,Female,College
94,40,12,30,Married,Male,High School
134,40,14,31,Single,Female,College
271,55,11,29,Married,Female,College
233,40,10,31,Single,Male,College
289,40,13,38,Married,Male,Graduate
137,40,7,33,Married,Female,High School
156,45,12,33,Married,Female,Graduate
210,40,10,29,Married,Male,Graduate
192,55,7,38,Single,Male,Post-Graduate
147,38,8,29,Married,Male,Graduate
481,45,17,38,Married,Female,Graduate
265,40,7,29,Married,Female,College
104,48,7,28,Single,Male,College
301,48,6,28,Married,Male,Graduate
289,40,18,37,Married,Male,College
268,40,4,32,Married,Female,College
301,40,10,29,Married,Male,College
178,45,13,36,Married,Male,Post-Graduate
301,40,6,31,Married,Female,College
213,43,7,28,Married,Male,College
250,40,13,35,Married,Female,Graduate
123,49,7,31,Single,Male,Post-Graduate
250,40,15,35,Married,Male,College
216,40,11,31,Married,Male,Graduate
344,40,3,30,Married,Male,College
397,40,16,37,Married,Male,Graduate
401,65,14,37,Married,Female,Graduate
770,65,12,36,Married,Male,College
225,40,7,35,Single,Male,Graduate
227,40,16,37,Married,Male,College
238,40,10,31,Married,Female,College
143,40,10,29,Single,Female,College
111,45,15,32,Single,Male,College
72,40,9,30,Married,Male,College
361,40,12,37,Married,Male,Graduate
241,55,19,36,Married,Female,College
269,40,17,33,Married,Male,College
227,55,17,35,Married,Male,High School
313,40,14,35,Married,Male,College
155,40,10,29,Married,Female,High School
254,40,14,37,Married,Female,High School
200,40,21,37,Married,Female,High School
263,40,7,37,Single,Female,Graduate
270,50,18,36,Married,Male,College
164,50,12,34,Married,Male,Graduate
195,50,8,30,Married,Female,College
260,48,8,36,Married,Male,Graduate
481,50,16,37,Married,Male,Graduate
301,40,15,37,Married,Female,Graduate
167,70,8,32,Married,Male,Graduate
226,45,11,36,Married,Male,College
223,70,6,31,Married,Male,College
204,40,10,31,Married,Male,Graduate
203,40,10,29,Single,Female,College
144,60,6,30,Married,Male,College
189,40,9,31,Married,Male,College
253,40,20,37,Married,Male,College
289,45,14,34,Married,Male,College
256,40,12,29,Married,Female,College
338,40,17,35,Married,Male,College
250,40,20,37,Married,Male,College
199,48,16,37,Married,Female,College
308,50,11,30,Married,Male,College
189,40,13,30,Married,Male,College
179,40,17,37,Married,Female,College
250,45,8,32,Married,Male,Graduate
517,40,12,33,Married,Female,Graduate
228,40,11,30,Married,Male,Graduate
150,40,8,30,Married,Male,College
238,40,13,31,Married,Male,High School
178,45,8,32,Married,Male,Graduate
288,48,18,38,Married,Male,College
250,40,9,28,Married,Female,College
210,44,15,31,Married,Male,College
100,70,12,32,Married,Male,College
294,45,17,34,Married,Female,College
301,40,18,37,Married,Male,College
361,40,16,33,Married,Female,College
135,55,5,34,Married,Male,Post-Graduate
195,40,13,30,Married,Male,High School
188,60,13,30,Married,Male,High School
210,48,13,37,Single,Female,Post-Graduate
175,50,14,38,Married,Male,College
337,50,9,36,Married,Female,Graduate
200,45,16,33,Married,Male,College
313,40,9,30,Married,Male,Graduate
276,40,5,29,Married,Male,Graduate
119,52,12,30,Single,Male,College
191,58,6,33,Married,Male,Graduate
241,40,18,36,Married,Female,College
180,40,9,30,Single,Male,College
200,50,18,34,Married,Male,High School
165,40,11,30,Married,Female,Graduate
318,40,4,36,Married,Male,College
328,40,11,28,Married,Female,College
206,42,19,38,Married,Male,College
361,40,6,29,Married,Male,Graduate
350,42,7,31,Married,Male,Graduate
260,50,20,36,Married,Male,College
167,43,11,29,Married,Male,College
275,40,18,36,Married,Male,College
250,45,9,30,Married,Male,College
131,43,9,30,Married,Female,College
278,40,13,31,Married,Male,College
241,40,6,28,Married,Male,Graduate
182,47,6,34,Married,Male,Post-Graduate
173,40,9,28,Married,Male,College
253,50,15,38,Married,Male,High School
150,40,7,29,Married,Male,High School
149,40,16,34,Married,Female,College
213,44,11,29,Married,Male,College
168,40,9,29,Married,Male,College
198,40,17,36,Married,Female,College
361,40,14,38,Married,Male,Graduate
168,50,14,34,Married,Male,College
219,45,10,29,Married,Female,Graduate
210,40,13,36,Married,Female,Post-Graduate
244,40,8,31,Married,Male,College
306,40,7,28,Married,Male,College
228,30,16,35,Married,Female,College
133,45,8,30,Married,Male,Graduate
188,40,15,33,Married,Male,College
302,40,16,38,Married,Male,College
186,40,17,36,Single,Male,College
225,40,15,37,Married,Female,College
293,47,9,32,Married,Female,College
135,50,12,31,Married,Female,College
138,40,15,38,Married,Male,Graduate
154,40,9,30,Married,Male,College
227,40,6,31,Married,Male,College
192,40,18,36,Married,Female,College
246,40,17,37,Married,Male,College
208,60,15,37,Married,Male,College
220,70,17,35,Single,Male,College
257,45,16,35,Married,Male,College
250,55,10,33,Married,Male,Graduate
116,43,10,29,Married,Male,College
275,40,21,38,Married,Female,College
160,45,9,37,Married,Male,College
259,48,21,38,Married,Male,College
303,40,9,32,Single,Female,College
238,40,11,30,Married,Female,College
235,44,19,38,Married,Female,College
313,40,8,30,Married,Female,Graduate
147,60,6,34,Married,Male,Post-Graduate
173,53,7,28,Married,Female,College
141,40,18,34,Single,Male,College
94,60,12,30,Single,Male,College
168,40,7,38,Married,Male,College
164,50,1,33,Married,Male,Graduate
173,50,17,35,Married,Male,College
278,40,10,29,Married,Female,College
342,45,11,33,Married,Male,Graduate
321,45,7,32,Married,Male,Post-Graduate
313,60,19,38,Married,Male,High School
337,40,15,35,Married,Male,Graduate
356,50,15,37,Married,Male,Graduate
214,48,8,29,Single,Female,Graduate
222,50,9,32,Single,Male,Graduate
290,50,5,34,Married,Male,College
146,58,9,30,Married,Male,Graduate
315,45,5,29,Married,Female,College
237,48,8,35,Married,Male,Post-Graduate
463,40,14,33,Married,Male,High School
394,40,13,30,Married,Male,College
190,38,10,28,Single,Male,Graduate
361,40,19,36,Married,Male,College
122,55,20,38,Married,Male,College
282,40,5,31,Married,Female,College
250,40,12,32,Single,Female,College
125,70,13,32,Married,Male,College
300,50,13,32,Married,Male,College
141,45,15,33,Married,Male,High School
480,40,13,31,Married,Male,College
171,45,7,29,Married,Female,College
194,40,20,37,Married,Female,College
58,60,7,30,Married,Female,Graduate
244,40,12,30,Married,Female,College
342,40,13,30,Married,Female,College
534,40,16,37,Married,Male,Graduate
175,40,10,29,Married,Male,Graduate
300,40,16,33,Married,Female,College
290,40,16,36,Married,Male,College
182,60,16,34,Married,Male,High School
188,45,17,36,Married,Male,High School
257,45,4,38,Married,Male,College
278,45,11,32,Married,Female,Graduate
156,50,12,31,Married,Male,College
300,42,11,30,Married,Male,Graduate
385,40,8,32,Married,Male,College
289,40,12,34,Married,Male,Graduate
78,40,10,33,Single,Male,College
153,50,14,30,Married,Male,College
437,43,16,36,Married,Male,College
250,40,9,31,Single,Male,Graduate
88,40,14,36,Married,Male,College
191,45,17,37,Married,Male,College
198,40,15,34,Married,Male,College
205,47,16,38,Married,Male,College
119,60,12,30,Married,Male,High School
235,50,15,33,Married,Male,College
525,55,10,32,Married,Female,Graduate
88,40,14,32,Married,Male,College
235,48,13,32,Married,Female,College
301,40,11,28,Married,Male,Graduate
113,40,9,31,Married,Male,Graduate
265,40,16,37,Married,Male,Graduate
250,40,15,37,Married,Male,High School
80,40,16,36,Married,Female,College
139,40,13,34,Single,Female,High School
240,60,11,28,Married,Male,College
249,40,22,38,Married,Female,High School
400,50,16,33,Married,Male,College
152,45,6,30,Single,Female,Post-Graduate
128,45,13,30,Married,Male,College
353,45,11,32,Married,Male,Graduate
337,40,15,37,Married,Female,Graduate
381,46,15,37,Married,Male,College
269,40,9,30,Married,Female,College
300,50,11,28,Married,Female,College
344,37,15,36,Married,Male,Graduate
219,55,8,33,Married,Female,College
156,40,11,30,Married,Female,College
313,32,17,33,Married,Female,College
271,40,20,36,Married,Female,College
173,40,18,38,Married,Male,High School
182,55,11,31,Married,Female,College
154,50,16,38,Married,Male,Graduate
228,40,5,31,Married,Male,Graduate
221,46,4,36,Married,Female,Graduate
175,43,10,29,Married,Female,College
200,55,17,36,Married,Female,College
203,40,9,30,Single,Male,Graduate
250,40,16,34,Married,Male,High School
137,49,11,32,Single,Male,College
325,35,13,31,Married,Male,College
231,50,9,33,Married,Male,Graduate
385,40,15,32,Married,Male,College
180,40,11,30,Married,Male,College
204,40,15,31,Married,Male,College
150,80,20,38,Married,Male,College
275,40,18,37,Married,Male,College
265,40,18,35,Married,Male,College
241,40,15,30,Married,Male,College
108,50,5,37,Married,Male,College
235,40,9,29,Married,Male,High School
354,38,9,32,Single,Female,Graduate
250,65,11,29,Married,Male,College
125,40,14,32,Married,Male,College
200,50,8,28,Married,Male,College
192,40,17,35,Married,Female,College
188,43,12,33,Married,Male,College
138,40,15,37,Married,Female,College
199,52,16,34,Married,Male,High School
181,40,12,30,Married,Male,College
260,40,12,34,Married,Male,College
50,55,11,32,Married,Male,High School
100,40,12,32,Married,Female,High School
144,40,17,35,Married,Male,High School
213,40,16,37,Married,Male,High School
127,50,16,32,Married,Female,College
291,45,11,37,Married,Male,College
300,43,13,30,Married,Female,College
318,40,8,31,Married,Male,Graduate
88,45,5,33,Married,Male,Graduate
241,40,9,28,Married,Female,College
366,45,14,37,Married,Female,Graduate
201,40,13,29,Married,Female,College
161,45,12,30,Married,Female,College
188,40,9,28,Married,Male,College
122,40,5,31,Married,Male,Graduate
350,40,15,36,Married,Male,College
235,45,10,31,Married,Male,Post-Graduate
217,40,15,37,Married,Male,College
169,40,20,38,Married,Female,College
94,40,9,30,Married,Female,College
81,40,10,33,Married,Female,College
87,40,16,38,Married,Male,College
361,40,8,33,Married,Male,Graduate
140,49,13,32,Married,Male,Graduate
138,56,17,36,Married,Male,College
238,44,8,32,Married,Female,Graduate
171,45,16,38,Married,Male,College
331,40,7,33,Married,Male,Graduate
409,40,18,38,Married,Male,College
104,40,8,30,Single,Male,College
118,45,9,32,Married,Male,High School
167,50,16,34,Married,Female,College
420,55,10,32,Married,Male,Post-Graduate
260,40,1,31,Single,Female,Graduate
313,40,13,30,Married,Male,College
190,40,12,31,Married,Male,College
289,42,14,29,Married,Male,College
401,60,14,37,Married,Male,Graduate
361,40,13,29,Married,Female,College
216,40,5,30,Married,Male,Graduate
176,50,15,36,Married,Male,College
250,40,16,35,Married,Male,College
213,44,13,32,Married,Male,High School
193,40,16,35,Married,Male,College
250,40,16,34,Married,Male,College
332,55,10,36,Married,Male,Post-Graduate
421,40,10,37,Married,Male,Graduate
144,55,4,31,Married,Female,Graduate
171,40,17,38,Single,Male,College
144,40,8,29,Single,Female,Graduate
260,40,19,38,Married,Female,College
313,40,10,32,Single,Male,Graduate
150,40,7,28,Single,Male,College
120,40,17,35,Single,Female,College
250,40,11,29,Married,Male,High School
247,48,15,36,Married,Male,College
120,45,19,34,Married,Male,High School
110,40,11,30,Married,Female,College
121,40,11,30,Married,Female,College
176,40,19,36,Married,Female,High School
388,40,16,34,Married,Male,College
240,40,11,29,Married,Female,College
250,40,16,32,Married,Male,College
156,40,4,36,Married,Female,Post-Graduate
337,40,14,35,Married,Female,Graduate
240,40,13,31,Single,Female,College
120,40,15,38,Married,Male,College
300,50,17,36,Married,Male,High School
337,45,8,31,Married,Male,Graduate
281,35,13,32,Married,Male,Post-Graduate
136,45,5,38,Married,Female,College
113,40,12,31,Married,Female,High School
127,55,10,32,Married,Male,College
137,60,17,34,Married,Male,High School
147,56,18,35,Married,Male,High School
116,55,6,29,Married,Female,College
176,40,13,37,Married,Female,College
392,40,7,29,Married,Male,College
409,40,18,36,Married,Male,College
321,45,4,32,Married,Male,Graduate
139,40,6,31,Married,Female,Graduate
300,40,7,33,Married,Male,Graduate
214,45,6,31,Married,Male,College
263,40,18,37,Married,Male,College
250,48,11,28,Married,Male,College
225,55,18,34,Single,Female,College
401,45,10,31,Married,Male,Graduate
127,50,9,31,Married,Female,Graduate
375,60,6,29,Married,Male,Graduate
421,50,15,32,Married,Female,College
188,40,13,35,Married,Female,College
211,40,8,29,Married,Female,College
102,40,17,38,Single,Female,College
251,40,17,34,Married,Male,College
163,40,13,30,Married,Male,College
202,40,17,37,Married,Female,College
534,45,8,30,Married,Male,College
190,48,14,38,Married,Male,College
192,40,8,35,Single,Male,Graduate
86,40,7,31,Married,Female,College
124,40,6,31,Married,Male,College
247,38,9,31,Married,Male,Graduate
625,60,21,38,Married,Male,College
275,45,6,32,Single,Male,College
303,40,6,38,Married,Male,College
144,40,8,28,Married,Female,Graduate
98,59,10,30,Married,Female,Graduate
375,40,9,32,Married,Male,Graduate
146,80,9,30,Married,Male,College
115,40,16,36,Married,Male,High School
236,40,12,38,Married,Male,College
361,60,9,31,Married,Male,Graduate
333,45,14,38,Married,Male,Graduate
375,37,8,33,Single,Female,Graduate
333,45,7,34,Married,Male,Graduate
175,40,16,36,Married,Female,College
243,36,11,32,Married,Male,College
541,40,10,32,Married,Male,Post-Graduate
199,41,10,36,Married,Male,College
100,40,14,32,Married,Female,College
254,40,15,32,Married,Female,College
436,43,8,29,Married,Male,Graduate
158,40,14,32,Married,Female,Graduate
111,40,11,32,Married,Male,College
165,42,12,31,Married,Male,Graduate
195,40,14,37,Married,Female,College
94,40,9,36,Single,Male,College
140,44,16,35,Married,Female,College
281,60,7,32,Married,Male,Graduate
113,50,9,30,Married,Male,College
347,40,17,37,Married,Male,High School
385,40,7,31,Married,Female,Graduate
289,40,11,35,Married,Male,Graduate
241,50,15,37,Married,Male,College
181,55,8,38,Single,Female,Graduate
120,40,9,37,Married,Male,College
202,50,8,38,Married,Female,Post-Graduate
361,40,14,36,Married,Male,College
273,50,13,37,Married,Male,College
88,40,16,33,Single,Female,College
125,40,18,36,Married,Female,College
257,45,9,30,Married,Male,Graduate
144,40,11,33,Single,Female,Graduate
333,60,5,30,Married,Male,Graduate
229,55,17,37,Married,Male,College
276,40,9,30,Single,Male,Graduate
228,40,5,30,Married,Female,College
250,40,17,38,Married,Male,College
290,40,14,33,Married,Female,College
250,34,12,29,Married,Female,College
178,40,5,36,Married,Female,College
232,40,12,30,Married,Male,College
100,50,4,31,Married,Female,College
310,40,9,33,Married,Male,College
266,40,21,36,Married,Male,College
101,45,5,30,Married,Male,College
235,45,15,30,Married,Female,College
203,40,17,34,Married,Female,High School
175,20,13,35,Married,Female,High School
144,40,12,33,Married,Female,High School
113,40,20,36,Married,Female,High School
155,43,14,31,Married,Male,College
110,38,12,30,Married,Male,College
156,40,6,33,Married,Female,Graduate
182,45,16,36,Married,Male,College
125,40,21,38,Married,Female,High School
250,44,8,34,Married,Male,Graduate
98,48,15,38,Married,Male,College
150,40,8,28,Single,Male,College
241,50,21,37,Married,Male,College
241,40,15,34,Married,Male,College
216,40,10,30,Married,Male,High School
289,50,10,35,Married,Male,Graduate
347,42,10,34,Married,Female,Graduate
183,40,10,36,Married,Male,College
216,40,4,34,Married,Male,College
175,40,13,31,Married,Male,College
244,40,20,37,Married,Male,High School
325,40,12,33,Married,Male,College
225,40,12,31,Married,Male,College
207,40,15,36,Married,Male,College
250,40,17,36,Married,Male,College
207,40,7,30,Married,Male,Graduate
125,44,5,31,Married,Male,College
289,40,9,28,Married,Male,College
238,55,8,29,Single,Male,Graduate
175,40,10,30,Married,Male,College
428,45,7,32,Married,Male,Post-Graduate
133,30,5,32,Single,Female,College
501,48,10,34,Married,Male,Post-Graduate
223,60,9,32,Married,Male,College
770,30,20,29,Married,Male,College
385,40,10,37,Married,Female,Graduate
127,40,1,31,Married,Female,College
339,40,13,35,Single,Male,Graduate
286,35,21,38,Married,Male,College
241,40,16,33,Married,Male,College
313,44,19,38,Married,Male,College
248,40,16,34,Married,Female,College
226,40,17,37,Married,Male,College
232,55,18,38,Married,Male,College
390,40,17,34,Married,Male,College
328,40,14,32,Married,Male,High School
231,40,8,35,Married,Female,College
220,40,1,31,Married,Male,Post-Graduate
200,25,14,38,Married,Male,College
262,50,6,32,Married,Male,College
138,40,4,30,Single,Female,College
298,40,4,34,Married,Male,Graduate
146,48,10,37,Married,Male,College
300,40,5,30,Married,Male,College
199,55,11,33,Married,Female,Graduate
343,40,8,36,Married,Female,Post-Graduate
90,55,11,38,Single,Female,College
318,40,11,30,Married,Male,College
458,40,16,36,Married,Male,College
227,40,14,33,Married,Male,College
437,40,9,33,Married,Male,Post-Graduate
130,40,8,30,Married,Male,Graduate
202,40,6,29,Married,Male,Graduate
534,45,11,36,Married,Male,Graduate
173,50,9,38,Married,Female,Graduate
233,80,4,36,Married,Male,Graduate
203,45,11,34,Married,Female,Graduate
217,40,16,35,Married,Male,College
361,40,14,36,Married,Male,College
125,40,12,32,Married,Male,College
346,50,12,37,Married,Male,Post-Graduate
132,55,5,30,Married,Female,Post-Graduate
220,40,4,36,Married,Male,College
257,45,11,28,Married,Male,College
303,40,11,28,Single,Male,College
405,38,8,29,Married,Male,Graduate
461,48,11,32,Married,Female,Graduate
401,60,12,37,Married,Male,Graduate
250,40,6,33,Married,Male,College
184,48,7,30,Married,Female,College
425,40,10,29,Single,Male,College
425,40,11,33,Married,Male,College
256,48,6,32,Married,Female,College
277,40,12,38,Married,Male,College
156,40,1,31,Married,Male,High School
180,50,1,29,Married,Male,College
214,40,19,36,Married,Female,College
313,40,12,32,Married,Male,College
283,40,4,38,Married,Male,Post-Graduate
225,40,6,28,Single,Female,College
481,50,6,38,Married,Female,Graduate
241,40,8,37,Married,Male,Graduate
469,48,22,38,Married,Female,High School
393,55,5,30,Married,Male,College
235,45,11,36,Married,Male,College
225,40,8,30,Married,Female,Graduate
221,44,15,31,Married,Male,College
428,45,12,38,Married,Male,Post-Graduate
315,45,19,37,Married,Male,College
188,40,9,38,Married,Female,College
274,50,12,28,Married,Male,High School
250,48,11,33,Married,Male,College
289,40,11,34,Single,Male,Graduate
250,43,15,35,Married,Male,College
313,40,16,33,Married,Female,College
214,65,18,38,Married,Female,College
303,27,13,31,Married,Female,College
234,32,12,29,Married,Male,Graduate
226,50,7,33,Married,Female,College
218,45,7,29,Married,Male,Graduate
300,40,18,34,Married,Male,High School
315,40,1,35,Married,Male,Graduate
238,40,14,35,Married,Female,College
29,50,9,29,Married,Male,College
168,40,6,31,Married,Male,Graduate
271,45,17,37,Married,Male,Graduate
265,40,13,34,Married,Male,College
200,40,20,38,Married,Male,College
92,40,11,31,Single,Male,Post-Graduate
481,40,14,36,Married,Female,Graduate
214,40,17,36,Married,Male,College
216,40,15,31,Married,Male,College
273,44,15,36,Married,Male,Graduate
256,40,9,30,Married,Male,Graduate
213,35,11,31,Married,Male,College
168,40,17,35,Married,Male,College
200,40,12,37,Married,Male,College
262,44,7,33,Married,Female,Graduate
221,40,9,35,Married,Male,Graduate
200,40,10,31,Single,Male,Graduate
300,40,9,32,Married,Male,Graduate
166,40,8,29,Married,Female,College
278,45,18,37,Married,Female,College
213,43,8,34,Married,Female,Graduate
250,40,6,37,Married,Male,College
219,40,8,29,Single,Male,College
301,40,10,33,Married,Male,Graduate
167,40,10,29,Married,Male,College
231,40,15,37,Married,Male,Graduate
197,40,10,28,Married,Male,College
238,40,23,38,Married,Male,High School
361,40,9,37,Married,Male,College
217,40,11,30,Married,Female,College
156,40,17,34,Married,Male,High School
170,40,13,32,Single,Male,College
173,40,11,35,Married,Male,College
219,36,16,38,Single,Female,College
577,40,8,38,Married,Male,Graduate
299,45,10,32,Married,Male,College
175,38,13,32,Married,Female,College
180,40,8,29,Married,Male,College
375,40,13,32,Married,Male,College
263,50,4,31,Married,Female,Graduate
200,48,6,29,Married,Female,College
160,23,7,31,Single,Female,College
300,32,7,30,Married,Male,Graduate
98,55,4,32,Married,Male,College
222,36,12,28,Married,Male,College
269,38,19,36,Married,Male,College
282,40,17,36,Married,Male,College
188,50,1,37,Married,Female,Graduate
214,40,6,33,Married,Male,College
131,40,5,31,Married,Male,College
276,54,11,29,Married,Male,College
138,40,11,30,Married,Female,College
200,43,10,29,Married,Male,College
346,50,8,31,Married,Male,College
106,30,8,36,Single,Male,Graduate
128,54,13,33,Single,Female,High School
93,32,13,31,Married,Female,College
149,40,16,33,Married,Female,College
101,40,9,28,Married,Female,College
105,40,12,31,Married,Female,College
283,40,13,36,Married,Male,Graduate
170,40,18,35,Single,Male,College
238,40,16,35,Married,Male,High School
150,40,20,36,Married,Male,High School
165,40,8,29,Single,Male,College
231,40,12,30,Married,Male,College
138,40,14,31,Married,Male,College
152,40,13,30,Married,Male,High School
106,40,7,30,Married,Male,High School
85,50,4,31,Married,Male,College
173,50,16,34,Married,Male,College
144,40,11,29,Married,Male,College
143,40,15,33,Married,Male,High School
204,40,11,32,Married,Male,Graduate
247,40,11,29,Married,Male,College
154,55,16,35,Married,Male,College
257,60,12,35,Married,Female,Graduate
202,40,4,29,Married,Female,College
202,50,8,30,Married,Female,Graduate
197,40,13,36,Married,Female,College
213,40,6,33,Married,Male,College
225,38,10,38,Married,Male,College
355,45,19,36,Married,Male,College
65,40,21,37,Married,Female,College
166,45,7,28,Married,Female,College
141,55,4,38,Married,Male,College
141,80,11,28,Married,Male,College
89,70,5,30,Married,Male,College
252,40,11,32,Married,Male,Graduate
361,40,17,36,Married,Male,College
163,40,11,29,Married,Female,High School
188,40,14,32,Married,Female,College
189,40,13,33,Married,Female,College
175,40,17,38,Married,Female,College
126,40,11,30,Single,Female,High School
234,40,14,32,Married,Male,College
156,40,18,36,Married,Male,High School
188,40,4,32,Married,Female,College
225,40,1,30,Married,Female,College
135,40,12,29,Married,Female,High School
161,35,9,30,Married,Male,College
100,50,6,28,Single,Male,Graduate
225,40,15,38,Married,Male,High School
128,40,8,33,Married,Male,Graduate
224,40,7,35,Married,Male,Post-Graduate
321,60,7,32,Married,Male,Post-Graduate
121,40,10,30,Single,Male,College
81,55,11,29,Married,Male,College
192,45,16,33,Married,Male,College
155,40,6,31,Single,Male,College
260,48,16,35,Married,Male,College
188,40,15,34,Married,Male,College
95,50,15,30,Married,Male,College
75,24,16,37,Married,Female,College
188,46,21,38,Married,Male,High School
266,65,10,34,Married,Male,Graduate
268,40,13,30,Married,Male,College
393,55,7,34,Married,Male,Post-Graduate
163,40,14,30,Married,Male,High School
175,45,15,32,Married,Male,College
124,40,16,34,Married,Female,College
223,48,4,31,Married,Male,College
130,40,15,31,Married,Male,High School
223,40,16,32,Married,Male,College
143,50,11,30,Married,Male,College
361,40,11,29,Married,Male,Graduate
120,48,14,31,Single,Female,College
125,44,21,38,Married,Male,College
368,40,15,36,Married,Female,Graduate
201,40,4,28,Married,Male,College
241,50,7,30,Married,Male,Graduate
250,44,9,29,Married,Male,College
150,40,5,30,Married,Female,Graduate
113,40,12,30,Married,Male,High School
157,60,6,30,Married,Female,College
123,60,15,34,Married,Female,College
391,40,7,32,Married,Male,Graduate
89,70,6,28,Married,Male,College
240,40,14,32,Married,Male,College
142,45,5,32,Married,Male,Graduate
120,40,9,32,Married,Male,College
361,40,8,35,Married,Male,Graduate
161,45,11,35,Married,Male,College
197,40,15,32,Married,Female,High School
161,42,11,33,Married,Male,College
119,45,9,31,Married,Male,College
166,60,10,34,Married,Female,Graduate
130,40,6,30,Married,Female,Graduate
301,40,10,31,Married,Male,College
135,45,12,28,Married,Female,College
218,44,12,28,Married,Male,College
250,40,17,35,Married,Male,College
